username,games,wins,losses,draws
Yarebore,13836,0,0,0
CalisthenicsBoy,910,0,0,0
Mlchael,1509,0,0,0
athena-pallada,16156,0,0,0
LegacyOfBob,442,0,0,0
Ciderdrinker,1287,0,0,0
Vladimirovich9000,5432,0,0,0
woshigeshagua,542,0,0,0
Lu_Shanglei,751,0,0,0
veteran75,125,0,0,0
Abik02,2462,0,0,0
LiamPutnam2008,2977,0,0,0
Lintchevski_Daniil,2046,0,0,0
HorrendousBrilliancy,187,0,0,0
Dr_Tiger,439,0,0,0
chess-art-us,2764,0,0,0
cutemouse83,17355,0,0,0
TAsad10,1094,0,0,0
ilqar_7474,4503,0,0,0
daubon,2839,0,0,0
AngelitoRT,7293,0,0,0
Kostik_Mostik,2891,0,0,0
trainiing123,875,0,0,0
elconceto,4935,0,0,0
Chado_Brun,807,0,0,0
ultraking1,1143,0,0,0
Thirty2possibilities,185,0,0,0
winx_m,4178,0,0,0
LY0329,1204,0,0,0
Tsoi_Dima,2420,0,0,0
lqevsll,4173,0,0,0
Iron_Man1703,722,0,0,0
InvisibleGuest2023,2625,0,0,0
Zkid,1510,0,0,0
worstplayerinbullet,552,0,0,0
Maniac604,359,0,0,0
NeverEnough,9071,0,0,0
RealDavidNavara,1520,0,0,0
Papus1234,1602,0,0,0
cjota95,1455,0,0,0
paladinofthelord999,288,0,0,0
DrawDenied_Twitch,10112,0,0,0
Idabble,1433,0,0,0
TigerSiberian,2255,0,0,0
Tuzakli_Egitim,5508,0,0,0
KAPUTVSEMU,6537,0,0,0
Amirreza_p,2047,0,0,0
Trojanhorse2500,221,0,0,0
Goldenpawn1211,3420,0,0,0
sillyMASTER,5926,0,0,0
QuarterPawn,6912,0,0,0
NowIAmSerious,1383,0,0,0
AVS2000,4233,0,0,0
pawnup4,489,0,0,0
Shpittsik,2450,0,0,0
AgressiveMode,2693,0,0,0
TAAnderson,3885,0,0,0
landyrandle,800,0,0,0
gefuehlter_FM,27353,0,0,0
The_main_event003,1420,0,0,0
ElPortugal,169,0,0,0
Danachess777,813,0,0,0
Som2310,1150,0,0,0
Coach13,1677,0,0,0
mindSet2020,2400,0,0,0
gmmoranda,2464,0,0,0
L04d1ng,3514,0,0,0
GrraindTime,129,0,0,0
YaacAttack,1154,0,0,0
Nozdrachev_Vladislav,5628,0,0,0
Niksss2023,4978,0,0,0
Rain_Man,1591,0,0,0
Dr_BlindPew,729,0,0,0
onepoundrook,2373,0,0,0
TonyGazzo,245,0,0,0
LuisEQuesadaPerez,552,0,0,0
ScareCCrow06PL,3850,0,0,0
MOTAR0,2380,0,0,0
JohnBrondtHojlund,930,0,0,0
Mrdalica,6161,0,0,0
khubushka2007,4340,0,0,0
AlexTriapishko,10544,0,0,0
tranquillite,85,0,0,0
hansi_flick,2232,0,0,0
Sergoy45,1484,0,0,0
Alexandr_KhleBovich,21492,0,0,0
chesszxj,3440,0,0,0
OCChess,3177,0,0,0
Nana_jede_cevape,204,0,0,0
TargetGM,1096,0,0,0
Ch3vCh3l1o5,230,0,0,0
ViejoTortuga,7188,0,0,0
DiegoMaciasPino,128,0,0,0
Sigma_Tauri,1191,0,0,0
venajalainen,3303,0,0,0
SaraciNderim,7684,0,0,0
Savitskiy_S,1181,0,0,0
rob188,11758,0,0,0
evg85,11508,0,0,0
DmDonCh,6263,0,0,0
